<?xml version="1.0" encoding="utf-8"?>
<openerp>
    <data noupdate="1">
        <record id="payment_acquirer_weixin" model="payment.acquirer">
            <field name="name">weixin</field>
            <field name="image" type="base64" file="payment_weixin/static/src/img/weixin_icon.png" />
            <field name="provider">weixin</field>
            <field name="company_id" ref="base.main_company" />
            <field name="view_template_id" ref="weixin_acquirer_button" />
            <field name="environment">test</field>
            <field name="pre_msg">
                <![CDATA[
<p>Odoo should generate Payment QR Code use the information of Order.</p>]]>
            </field>
            <field name="weixin_appid">dummy</field>
            <field name="weixin_mch_id">dummy</field>
            <field name="weixin_key">dummy</field>
            <field name="weixin_secret">dummy</field>
            <field name="ip_address">127.0.0.1</field>
        </record>
    </data>
</openerp>
