<?xml version="1.0" encoding="utf-8"?>
<openerp>
    <data noupdate="1">
        <record id="payment_acquirer_alipay" model="payment.acquirer">
            <field name="name">Alipay</field>
            <field name="image" type="base64" file="payment_alipay/static/src/img/alipay_icon.png" />
            <field name="provider">alipay</field>
            <field name="company_id" ref="base.main_company" />
            <field name="view_template_id" ref="alipay_acquirer_button" />
            <field name="environment">test</field>
            <field name="pre_msg">
                <![CDATA[
<p>You will be redirected to the Alipay website after clicking on the payment button.</p>]]>
            </field>
            <field name="alipay_partner_account">dummy</field>
            <field name="alipay_partner_key">dummy</field>
            <field name="alipay_seller_email">dummy</field>
            <field name="alipay_interface_type">create_direct_pay_by_user</field>
        </record>
    </data>
</openerp>
